{
  "shop_1": {
    "kinder-cola_plastic": 13173.000000000036,
    "kinder-cola_can": 17914.000000000015,
    "adult-cola_glass": 24730.99999999998,
    "adult-cola_plastic": 14735.999999999927,
    "adult-cola_can": 30189.999999999905,
    "orange-power_plastic": 32945.00000000007,
    "orange-power_can": 25986.999999999935,
    "gazoza_plastic": 12874.00000000005,
    "gazoza_can": 21678.000000000004,
    "lemon-boost_glass": 19014.999999999964,
    "lemon-boost_plastic": 19982.000000000033,
    "lemon-boost_can": 18411.999999999985,
    "gazoza_glass": 19080.999999999927,
    "orange-power_glass": 35678.00000000001,
    "kinder-cola_glass": 24615.00000000003
  },
  "shop_2": {
    "kinder-cola_glass": 16885.000000000044,
    "kinder-cola_plastic": 61296.99999999996,
    "kinder-cola_can": 40037.000000000015,
    "adult-cola_glass": 10669.999999999936,
    "adult-cola_plastic": 32306.99999999987,
    "orange-power_glass": 46792.000000000015,
    "orange-power_plastic": 51729.99999999996,
    "orange-power_can": 22639.99999999999,
    "gazoza_glass": 10949.000000000033,
    "gazoza_plastic": 35712.000000000015,
    "gazoza_can": 57178.999999999956,
    "lemon-boost_glass": 27338.99999999995,
    "lemon-boost_plastic": 23723.99999999996,
    "lemon-boost_can": 32971.99999999999,
    "adult-cola_can": 25002.999999999916
  },
  "shop_6": {
    "kinder-cola_plastic": 19154.999999999935,
    "kinder-cola_can": 34519.99999999995,
    "adult-cola_glass": 53881.00000000006,
    "adult-cola_plastic": 41286.99999999993,
    "adult-cola_can": 52958.99999999993,
    "orange-power_glass": 39267.99999999997,
    "orange-power_plastic": 40326.00000000001,
    "orange-power_can": 48979.99999999993,
    "gazoza_glass": 39919.99999999993,
    "gazoza_plastic": 24194.999999999884,
    "gazoza_can": 29126.000000000007,
    "lemon-boost_glass": 58782.00000000003,
    "lemon-boost_plastic": 19736.000000000062,
    "lemon-boost_can": 15391.000000000036,
    "kinder-cola_glass": 26319.000000000022
  },
  "shop_4": {
    "kinder-cola_glass": 36361.00000000007,
    "kinder-cola_plastic": 40992.00000000001,
    "kinder-cola_can": 25149.99999999992,
    "adult-cola_glass": 29469.000000000055,
    "adult-cola_plastic": 38484.999999999985,
    "orange-power_glass": 31618.0,
    "orange-power_plastic": 54365.000000000015,
    "orange-power_can": 24681.0,
    "gazoza_glass": 24377.999999999978,
    "gazoza_plastic": 17184.000000000022,
    "gazoza_can": 45128.0,
    "lemon-boost_glass": 16547.000000000007,
    "lemon-boost_plastic": 8301.0,
    "lemon-boost_can": 18576.00000000008,
    "adult-cola_can": 46669.999999999956
  },
  "shop_3": {
    "kinder-cola_glass": 13661.999999999905,
    "kinder-cola_plastic": 18303.0,
    "kinder-cola_can": 27178.0,
    "adult-cola_glass": 16308.999999999938,
    "adult-cola_plastic": 20691.000000000047,
    "adult-cola_can": 35324.00000000002,
    "orange-power_glass": 16087.999999999989,
    "orange-power_plastic": 33173.999999999956,
    "gazoza_glass": 33052.00000000005,
    "gazoza_plastic": 13759.999999999989,
    "lemon-boost_glass": 10159.999999999953,
    "lemon-boost_plastic": 22206.000000000036,
    "lemon-boost_can": 60453.99999999995,
    "orange-power_can": 24141.000000000015,
    "gazoza_can": 40382.00000000003
  },
  "shop_5": {
    "kinder-cola_glass": 20440.99999999999,
    "kinder-cola_can": 14669.000000000011,
    "adult-cola_glass": 22863.99999999997,
    "adult-cola_plastic": 13679.999999999945,
    "adult-cola_can": 20659.000000000113,
    "orange-power_glass": 27784.000000000007,
    "orange-power_plastic": 20519.00000000007,
    "orange-power_can": 41582.00000000003,
    "gazoza_glass": 45724.000000000015,
    "gazoza_plastic": 22136.000000000047,
    "gazoza_can": 43512.000000000015,
    "lemon-boost_glass": 26495.99999999992,
    "lemon-boost_plastic": 22219.00000000003,
    "lemon-boost_can": 23270.000000000015,
    "kinder-cola_plastic": 18751.999999999956,
    "kinder-cola_": 11755.611338909514
  }
}
