{
  "shop_1": {
    "kinder-cola_glass": 14006.60167160436,
    "kinder-cola_plastic": 15629.675885506062,
    "kinder-cola_can": 14562.586639510104,
    "adult-cola_glass": 25647.598007706532,
    "adult-cola_can": 21396.67559988157,
    "orange-power_glass": 34691.628966194214,
    "orange-power_can": 42466.399486152644,
    "gazoza_glass": 28127.146171718126,
    "lemon-boost_glass": 24725.46680617103,
    "lemon-boost_plastic": 19181.342974178075,
    "lemon-boost_can": 18443.190277908183,
    "gazoza_can": 13788.586437659262,
    "adult-cola_plastic": 56305.17552907475,
    "gazoza_plastic": 25417.439679561492,
    "orange-power_plastic": 41433.9320815791
  },
  "shop_2": {
    "kinder-cola_glass": 15802.785848775075,
    "kinder-cola_plastic": 53509.60486980243,
    "kinder-cola_can": 37804.48202898294,
    "adult-cola_glass": 30049.62710103632,
    "orange-power_glass": 28399.002061228908,
    "orange-power_": 28890.42193313961,
    "gazoza_glass": 29335.660676416963,
    "gazoza_plastic": 23456.111438386455,
    "gazoza_can": 30836.17786824503,
    "lemon-boost_glass": 23667.338062059735,
    "lemon-boost_plastic": 28916.186499096024,
    "lemon-boost_can": 24108.122206877048,
    "orange-power_plastic": 35841.87896103763,
    "adult-cola_plastic": 46272.71615052313,
    "adult-cola_can": 47528.24757022037,
    "orange-power_can": 50312.86012292352
  },
  "shop_6": {
    "kinder-cola_glass": 36611.158054458,
    "kinder-cola_plastic": 52011.035244264385,
    "kinder-cola_can": 47487.60140972507,
    "adult-cola_glass": 44288.54304900914,
    "adult-cola_plastic": 52375.343537222885,
    "adult-cola_can": 42538.32487672576,
    "orange-power_plastic": 59214.384275306074,
    "orange-power_can": 71838.16006005446,
    "gazoza_glass": 34190.10790805087,
    "gazoza_plastic": 32372.871247649528,
    "gazoza_can": 33911.02424090466,
    "lemon-boost_plastic": 22188.732237231936,
    "lemon-boost_can": 17755.36445007979,
    "lemon-boost_glass": 24139.693506685075,
    "orange-power_glass": 9619.862497695169,
    "lemon-boost_": 34507.905097205265
  },
  "shop_4": {
    "kinder-cola_plastic": 36811.16260276957,
    "kinder-cola_can": 34849.351318847046,
    "adult-cola_plastic": 35779.27979100298,
    "adult-cola_can": 34093.19279236171,
    "orange-power_glass": 41211.04706709452,
    "orange-power_plastic": 47154.506399802056,
    "orange-power_can": 35114.04922769767,
    "gazoza_can": 19629.452256321176,
    "lemon-boost_glass": 39759.04015099544,
    "lemon-boost_plastic": 8029.353723347325,
    "adult-cola_glass": 26737.138106533086,
    "gazoza_plastic": 27543.404845897883,
    "kinder-cola_glass": 36653.467781809486,
    "gazoza_glass": 53634.46091665013,
    "lemon-boost_can": 28151.092519639933
  },
  "shop_3": {
    "kinder-cola_plastic": 17778.044395014327,
    "kinder-cola_can": 20799.48771756125,
    "adult-cola_glass": 29266.732278367897,
    "adult-cola_plastic": 25797.681532739865,
    "adult-cola_can": 33401.79393742309,
    "orange-power_glass": 7587.624798451565,
    "orange-power_plastic": 20154.032779541558,
    "orange-power_can": 38941.20399675992,
    "gazoza_glass": 22745.580328665033,
    "gazoza_plastic": 39092.994534660094,
    "lemon-boost_can": 24807.6842586914,
    "lemon-boost_plastic": 29306.19422922151,
    "gazoza_can": 17860.810062710774,
    "kinder-cola_glass": 17964.346012593378,
    "lemon-boost_glass": 12464.702293202987
  },
  "shop_5": {
    "kinder-cola_glass": 36237.041343062214,
    "adult-cola_glass": 25126.64884524686,
    "adult-cola_plastic": 23681.048403615798,
    "adult-cola_can": 36310.77705003209,
    "orange-power_glass": 39642.29216716743,
    "orange-power_plastic": 25748.300731926392,
    "orange-power_can": 53985.1436732693,
    "gazoza_glass": 26850.33363665761,
    "gazoza_plastic": 31440.044064918075,
    "gazoza_can": 21340.766213858085,
    "lemon-boost_glass": 8750.550094968079,
    "lemon-boost_can": 14108.998873829518,
    "kinder-cola_can": 29793.398963601438,
    "lemon-boost_plastic": 39648.17663945729,
    "kinder-cola_plastic": 20061.046196146443,
    "kinder-cola_": 18603.80600044573
  }
}
