{
    "shop_1": {
        "kinder-cola_glass": 14811.196545762426,
        "kinder-cola_plastic": 15661.614257095829,
        "kinder-cola_can": 25418.160663480703,
        "adult-cola_plastic": 27909.208096323448,
        "adult-cola_can": 20610.462587209546,
        "orange-power_glass": 35930.45941029138,
        "orange-power_can": 33727.23510004408,
        "gazoza_glass": 42535.30348945925,
        "gazoza_plastic": 27399.55623615835,
        "gazoza_can": 25781.324900678243,
        "lemon-boost_glass": 15887.721832417177,
        "lemon-boost_plastic": 37473.18966074201,
        "lemon-boost_can": 24154.416456513303,
        "adult-cola_glass": 24059.209028325196,
        "orange-power_plastic": 45190.71522631542
    },
    "shop_2": {
        "kinder-cola_plastic": 17569.103001405543,
        "kinder-cola_can": 15037.394025930436,
        "adult-cola_glass": 16730.842026233986,
        "adult-cola_plastic": 50932.47003327416,
        "adult-cola_can": 39422.65349625122,
        "orange-power_glass": 31662.991352769546,
        "orange-power_plastic": 49837.00500140516,
        "orange-power_can": 48982.00790950683,
        "gazoza_glass": 37637.077345520265,
        "gazoza_plastic": 51581.14797635382,
        "gazoza_can": 29539.530347844302,
        "lemon-boost_glass": 26853.55066789136,
        "lemon-boost_plastic": 26534.434930307252,
        "lemon-boost_can": 19990.816772037433,
        "kinder-cola_glass": 16739.69013013353,
        "orange-power_": 53754.59121609879
    },
    "shop_6": {
        "kinder-cola_glass": 30667.863868144974,
        "kinder-cola_plastic": 31292.806575405466,
        "adult-cola_glass": 39901.7111317145,
        "adult-cola_plastic": 51839.94061477961,
        "adult-cola_can": 50962.95776090159,
        "orange-power_glass": 46373.42981321871,
        "orange-power_plastic": 55803.699129501656,
        "orange-power_can": 43256.09887590932,
        "gazoza_glass": 62973.22257807459,
        "gazoza_plastic": 34741.52912809397,
        "lemon-boost_glass": 20490.322981252677,
        "lemon-boost_": 32309.733118022545,
        "lemon-boost_can": 36957.90382036677,
        "kinder-cola_can": 27593.63915515308,
        "gazoza_can": 35688.472049454234,
        "lemon-boost_plastic": 15960.715657986753
    },
    "shop_4": {
        "kinder-cola_glass": 33854.27593968544,
        "kinder-cola_plastic": 36247.98625789805,
        "kinder-cola_can": 33482.52834540866,
        "adult-cola_glass": 44001.011074277914,
        "adult-cola_plastic": 47943.532968281,
        "adult-cola_can": 34707.84675411301,
        "orange-power_glass": 53321.224533816116,
        "orange-power_plastic": 25481.603725544897,
        "orange-power_can": 22009.028778627413,
        "gazoza_glass": 32018.468264896626,
        "gazoza_plastic": 40849.41810884419,
        "gazoza_can": 8163.792426202563,
        "lemon-boost_glass": 31065.31505989182,
        "lemon-boost_plastic": 24899.253758851868,
        "lemon-boost_can": 20066.765046919125
    },
    "shop_3": {
        "kinder-cola_plastic": 14445.215774117969,
        "adult-cola_glass": 33356.94744071753,
        "adult-cola_plastic": 21197.682827530898,
        "orange-power_glass": 27372.687959119176,
        "orange-power_can": 5940.991710222734,
        "gazoza_glass": 18914.52333674604,
        "gazoza_plastic": 11554.793928845844,
        "gazoza_can": 29776.047981004605,
        "lemon-boost_glass": 18084.93486616177,
        "lemon-boost_plastic": 17557.33077471088,
        "lemon-boost_can": 31471.23608676656,
        "kinder-cola_glass": 9173.903143220694,
        "kinder-cola_can": 28832.38593186975,
        "orange-power_plastic": 43902.21224565699,
        "adult-cola_can": 37635.20727880416
    },
    "shop_5": {
        "kinder-cola_glass": 27376.69215228151,
        "kinder-cola_plastic": 25138.55316592919,
        "kinder-cola_can": 38471.32342860033,
        "adult-cola_glass": 40979.077716383305,
        "adult-cola_plastic": 25812.72188827892,
        "adult-cola_can": 54227.36509952615,
        "orange-power_glass": 25309.744943370493,
        "orange-power_plastic": 21863.69365200572,
        "orange-power_can": 67873.66505290267,
        "gazoza_glass": 12218.399683742668,
        "gazoza_plastic": 43135.90849281814,
        "gazoza_can": 60842.440779334385,
        "lemon-boost_glass": 13464.358955403055,
        "lemon-boost_plastic": 22189.323222232513,
        "lemon-boost_can": 25503.4458696052,
        "kinder-cola_": 5888.325570061443,
        "gazoza_": 36102.80305773927
    }
}