{
  "shop_1": {
    "kinder-cola_glass": 32482.978515625,
    "kinder-cola_plastic": 31598.94140625,
    "kinder-cola_can": 32839.90625,
    "adult-cola_plastic": 23882.603515625,
    "adult-cola_can": 23805.81640625,
    "orange-power_glass": 27255.73828125,
    "orange-power_can": 21349.388671875,
    "gazoza_glass": 26336.671875,
    "gazoza_plastic": 23583.330078125,
    "gazoza_can": 29038.96875,
    "lemon-boost_glass": 26537.814453125,
    "lemon-boost_plastic": 36908.68359375,
    "lemon-boost_can": 36360.37890625,
    "adult-cola_glass": 28669.63671875,
    "orange-power_plastic": 24430.072265625
  },
  "shop_2": {
    "kinder-cola_glass": 22342.849609375,
    "kinder-cola_plastic": 27178.224609375,
    "kinder-cola_can": 20450.46875,
    "adult-cola_plastic": 30855.57421875,
    "adult-cola_can": 28200.611328125,
    "orange-power_glass": 37427.32421875,
    "orange-power_can": 30626.888671875,
    "gazoza_glass": 30479.0703125,
    "gazoza_plastic": 38963.39453125,
    "gazoza_can": 20913.73828125,
    "lemon-boost_glass": 27326.431640625,
    "lemon-boost_plastic": 17890.525390625,
    "lemon-boost_can": 16721.900390625,
    "adult-cola_glass": 20253.626953125,
    "orange-power_plastic": 21900.67578125
  },
  "shop_3": {
    "kinder-cola_glass": 19504.82421875,
    "kinder-cola_plastic": 23399.8125,
    "kinder-cola_can": 35443.88671875,
    "adult-cola_plastic": 22547.650390625,
    "adult-cola_can": 23372.73046875,
    "orange-power_glass": 22885.2578125,
    "orange-power_can": 28300.021484375,
    "gazoza_glass": 17186.94140625,
    "gazoza_plastic": 20266.2734375,
    "gazoza_can": 24609.33203125,
    "lemon-boost_glass": 18972.9609375,
    "lemon-boost_plastic": 18003.53515625,
    "lemon-boost_can": 24072.849609375,
    "adult-cola_glass": 19743.447265625,
    "orange-power_plastic": 24271.474609375
  },
  "shop_4": {
    "kinder-cola_glass": 23856.23046875,
    "kinder-cola_plastic": 26755.349609375,
    "kinder-cola_can": 32991.23828125,
    "adult-cola_plastic": 31946.779296875,
    "adult-cola_can": 17649.82421875,
    "orange-power_glass": 20090.943359375,
    "orange-power_can": 24904.20703125,
    "gazoza_glass": 22844.439453125,
    "gazoza_plastic": 39883.37890625,
    "gazoza_can": 30465.318359375,
    "lemon-boost_glass": 34769.7734375,
    "lemon-boost_plastic": 28019.021484375,
    "lemon-boost_can": 25538.6484375,
    "adult-cola_glass": 18624.474609375,
    "orange-power_plastic": 21094.255859375
  },
  "shop_5": {
    "kinder-cola_glass": 30568.345703125,
    "kinder-cola_plastic": 21421.77734375,
    "kinder-cola_can": 21783.19140625,
    "adult-cola_plastic": 27330.357421875,
    "adult-cola_can": 23883.775390625,
    "orange-power_glass": 32319.921875,
    "orange-power_can": 16696.935546875,
    "gazoza_glass": 18938.4375,
    "gazoza_plastic": 17721.5625,
    "gazoza_can": 17076.794921875,
    "lemon-boost_glass": 16552.01171875,
    "lemon-boost_plastic": 16804.09375,
    "lemon-boost_can": 23716.05859375,
    "adult-cola_glass": 21617.828125,
    "orange-power_plastic": 26946.255859375
  },
  "shop_6": {
    "kinder-cola_glass": 20740.833984375,
    "kinder-cola_plastic": 29774.216796875,
    "kinder-cola_can": 18652.369140625,
    "adult-cola_plastic": 20981.53125,
    "adult-cola_can": 25891.505859375,
    "orange-power_glass": 18640.84765625,
    "orange-power_can": 17334.791015625,
    "gazoza_glass": 21951.333984375,
    "gazoza_plastic": 22499.59765625,
    "gazoza_can": 19658.296875,
    "lemon-boost_glass": 22298.880859375,
    "lemon-boost_plastic": 28678.953125,
    "lemon-boost_can": 33771.734375,
    "adult-cola_glass": 27420.568359375,
    "orange-power_plastic": 18339.939453125
  }
}
