{
    "shop_1": {
        "kinder-cola_glass": 23239.556640625,
        "kinder-cola_plastic": 26061.69921875,
        "kinder-cola_can": 30209.041015625,
        "adult-cola_plastic": 23631.880859375,
        "adult-cola_can": 31029.6484375,
        "orange-power_glass": 21060.681640625,
        "orange-power_can": 21724.529296875,
        "gazoza_glass": 20359.494140625,
        "gazoza_plastic": 18422.189453125,
        "gazoza_can": 23650.13671875,
        "lemon-boost_glass": 22697.494140625,
        "lemon-boost_plastic": 25138.390625,
        "lemon-boost_can": 29322.833984375,
        "adult-cola_glass": 24459.306640625,
        "orange-power_plastic": 25756.560546875
    },
    "shop_2": {
        "kinder-cola_glass": 27023.236328125,
        "kinder-cola_plastic": 30890.693359375,
        "kinder-cola_can": 27148.646484375,
        "adult-cola_plastic": 20503.66015625,
        "adult-cola_can": 26969.35546875,
        "orange-power_glass": 23389.072265625,
        "orange-power_can": 22869.15234375,
        "gazoza_glass": 27411.75390625,
        "gazoza_plastic": 27252.92578125,
        "gazoza_can": 28850.3125,
        "lemon-boost_glass": 30350.248046875,
        "lemon-boost_plastic": 25799.4140625,
        "lemon-boost_can": 27234.5234375,
        "adult-cola_glass": 31005.25390625,
        "orange-power_plastic": 29329.24609375
    },
    "shop_3": {
        "kinder-cola_glass": 28190.63671875,
        "kinder-cola_plastic": 31925.48046875,
        "kinder-cola_can": 22919.642578125,
        "adult-cola_plastic": 27574.505859375,
        "adult-cola_can": 21674.61328125,
        "orange-power_glass": 20841.400390625,
        "orange-power_can": 27098.767578125,
        "gazoza_glass": 30976.6875,
        "gazoza_plastic": 26826.7109375,
        "gazoza_can": 31489.580078125,
        "lemon-boost_glass": 30746.73828125,
        "lemon-boost_plastic": 24910.794921875,
        "lemon-boost_can": 24077.63671875,
        "adult-cola_glass": 24335.853515625,
        "orange-power_plastic": 16989.4140625
    },
    "shop_4": {
        "kinder-cola_glass": 18308.869140625,
        "kinder-cola_plastic": 19385.59375,
        "kinder-cola_can": 17716.572265625,
        "adult-cola_plastic": 19613.796875,
        "adult-cola_can": 19117.78125,
        "orange-power_glass": 25163.73046875,
        "orange-power_can": 21848.0703125,
        "gazoza_glass": 23855.546875,
        "gazoza_plastic": 23617.95703125,
        "gazoza_can": 22790.625,
        "lemon-boost_glass": 23009.341796875,
        "lemon-boost_plastic": 18781.537109375,
        "lemon-boost_can": 20040.474609375,
        "adult-cola_glass": 17757.697265625,
        "orange-power_plastic": 21452.15625
    },
    "shop_5": {
        "kinder-cola_glass": 24094.51953125,
        "kinder-cola_plastic": 28786.939453125,
        "kinder-cola_can": 24343.732421875,
        "adult-cola_plastic": 29414.5546875,
        "adult-cola_can": 22163.080078125,
        "orange-power_glass": 27771.404296875,
        "orange-power_can": 20307.982421875,
        "gazoza_glass": 20012.837890625,
        "gazoza_plastic": 23317.8125,
        "gazoza_can": 31611.962890625,
        "lemon-boost_glass": 21099.099609375,
        "lemon-boost_plastic": 31186.126953125,
        "lemon-boost_can": 22557.109375,
        "adult-cola_glass": 30360.46484375,
        "orange-power_plastic": 15815.54296875
    },
    "shop_6": {
        "kinder-cola_glass": 22738.841796875,
        "kinder-cola_plastic": 22020.044921875,
        "kinder-cola_can": 18062.0546875,
        "adult-cola_plastic": 20464.75390625,
        "adult-cola_can": 27467.197265625,
        "orange-power_glass": 28333.087890625,
        "orange-power_can": 17359.646484375,
        "gazoza_glass": 19691.0234375,
        "gazoza_plastic": 28585.1796875,
        "gazoza_can": 17577.060546875,
        "lemon-boost_glass": 16653.2890625,
        "lemon-boost_plastic": 19553.33984375,
        "lemon-boost_can": 24844.271484375,
        "adult-cola_glass": 28116.697265625,
        "orange-power_plastic": 24531.056640625
    }
}