{
  "shop_1": {
    "kinder-cola_glass": 40060.36328125,
    "kinder-cola_plastic": 38386.53125,
    "kinder-cola_can": 30483.10546875,
    "adult-cola_plastic": 33748.98046875,
    "adult-cola_can": 27023.126953125,
    "orange-power_glass": 29416.939453125,
    "orange-power_can": 25015.208984375,
    "gazoza_glass": 34954.50390625,
    "gazoza_plastic": 42752.26171875,
    "gazoza_can": 50008.54296875,
    "lemon-boost_glass": 40847.1015625,
    "lemon-boost_plastic": 31230.828125,
    "lemon-boost_can": 31087.92578125,
    "adult-cola_glass": 28175.34375,
    "orange-power_plastic": 35931.24609375
  },
  "shop_2": {
    "kinder-cola_glass": 43064.41796875,
    "kinder-cola_plastic": 35178.1484375,
    "kinder-cola_can": 36040.5390625,
    "adult-cola_plastic": 46432.328125,
    "adult-cola_can": 47407.6015625,
    "orange-power_glass": 42623.84375,
    "orange-power_can": 38298.2734375,
    "gazoza_glass": 32189.3671875,
    "gazoza_plastic": 46471.296875,
    "gazoza_can": 33028.1953125,
    "lemon-boost_glass": 25255.39453125,
    "lemon-boost_plastic": 29326.486328125,
    "lemon-boost_can": 40999.4609375,
    "adult-cola_glass": 40095.6328125,
    "orange-power_plastic": 36310.76171875
  },
  "shop_3": {
    "kinder-cola_glass": 44181.80859375,
    "kinder-cola_plastic": 41148.73828125,
    "kinder-cola_can": 33909.40234375,
    "adult-cola_plastic": 46650.9140625,
    "adult-cola_can": 33581.73046875,
    "orange-power_glass": 32743.3046875,
    "orange-power_can": 36032.8359375,
    "gazoza_glass": 24995.107421875,
    "gazoza_plastic": 17814.046875,
    "gazoza_can": 26862.306640625,
    "lemon-boost_glass": 14379.6552734375,
    "lemon-boost_plastic": 41259.13671875,
    "lemon-boost_can": 32576.3359375,
    "adult-cola_glass": 49136.16796875,
    "orange-power_plastic": 30260.65234375
  },
  "shop_4": {
    "kinder-cola_glass": 28812.583984375,
    "kinder-cola_plastic": 28684.310546875,
    "kinder-cola_can": 22564.265625,
    "adult-cola_plastic": 27091.220703125,
    "adult-cola_can": 24278.39453125,
    "orange-power_glass": 22198.794921875,
    "orange-power_can": 19559.2421875,
    "gazoza_glass": 45225.73828125,
    "gazoza_plastic": 35764.96875,
    "gazoza_can": 38268.25390625,
    "lemon-boost_glass": 20736.76953125,
    "lemon-boost_plastic": 36869.44921875,
    "lemon-boost_can": 41470.12109375,
    "adult-cola_glass": 25669.654296875,
    "orange-power_plastic": 18342.31640625
  },
  "shop_5": {
    "kinder-cola_glass": 30597.421875,
    "kinder-cola_plastic": 44523.328125,
    "kinder-cola_can": 39282.37890625,
    "adult-cola_plastic": 36832.96875,
    "adult-cola_can": 48915.8671875,
    "orange-power_glass": 34232.421875,
    "orange-power_can": 36402.89453125,
    "gazoza_glass": 24890.60546875,
    "gazoza_plastic": 33431.36328125,
    "gazoza_can": 41543.734375,
    "lemon-boost_glass": 39755.828125,
    "lemon-boost_plastic": 50375.8828125,
    "lemon-boost_can": 27831.111328125,
    "adult-cola_glass": 22800.1796875,
    "orange-power_plastic": 27009.607421875
  },
  "shop_6": {
    "kinder-cola_glass": 29602.984375,
    "kinder-cola_plastic": 36401.62890625,
    "kinder-cola_can": 34507.97265625,
    "adult-cola_plastic": 24560.99609375,
    "adult-cola_can": 21810.943359375,
    "orange-power_glass": 22752.47265625,
    "orange-power_can": 32289.744140625,
    "gazoza_glass": 35885.2578125,
    "gazoza_plastic": 29185.033203125,
    "gazoza_can": 25063.201171875,
    "lemon-boost_glass": 24837.455078125,
    "lemon-boost_plastic": 23737.240234375,
    "lemon-boost_can": 32580.638671875,
    "adult-cola_glass": 22164.65234375,
    "orange-power_plastic": 22656.404296875
  }
}
